Z,Year,min_temp,max_temp,avg_temp,readings_count,active_tcs_count,total_tcs_installed,mode (approx)
3946,2016,34,43,40.42857,7,7,7,40
3946,2019,26,493,94.28133,420,5,7,45
3946,2020,6.305112,1175.1138,202.09021,1323,7,7,516
3946,2021,17.097166,1199.5791,250.69698,2534,7,7,47
3946,2022,15.031562,1173,170.86227,2555,7,7,49
3946,2023,0.19352014,1075.4261,149.45758,2555,7,7,56
3946,2024,15.23572,1197.0974,270.91016,2562,7,7,56
3946,2025,0.73235565,1185.7532,248.0185,1190,7,7,458
4727,2016,33,75,62.97959,49,49,49,49
4727,2019,8,1182,92.45978,4200,49,49,71
4727,2020,5.0708923,1188.1361,105.07267,9261,49,49,82
4727,2021,0.21864952,1197.0251,123.72159,17738,49,49,80
4727,2022,3.4563978,1199.6913,121.64846,17885,49,49,84
4727,2023,0.37140575,1199.1329,147.11095,17885,49,49,90
4727,2024,1.154465,1199.5912,172.21385,17934,49,49,71
4727,2025,0.48431215,1199.6368,112.17134,8330,49,49,32
5177,2019,21,1036,130.09364,4116,49,49,147
5177,2020,24.896147,1191.4598,167.52065,9261,49,49,179
5177,2021,4.751807,1199.88,176.31343,17738,49,49,165
5177,2022,4,1199.1552,221.47707,17885,49,49,200
5177,2023,1.676399,1199.4291,279.77426,17885,49,49,839
5177,2024,3.4748898,1197.9192,297.7579,17934,49,49,197
5177,2025,15.644875,1199.4381,196.96724,8330,49,49,33
5677,2016,77,115,96.458336,24,24,24,87
5677,2019,16,137,73.031746,2016,24,24,72
5677,2020,64.05514,153.17241,111.973755,4536,24,24,110
5677,2021,49.930676,169.93538,92.36529,8688,24,24,74
5677,2022,14.884927,175.68544,101.04302,8760,24,24,84
5677,2023,7.6045294,1161.9823,127.5029,8760,24,24,105
5677,2024,5.1380415,1194.6696,167.52019,8784,24,24,476
5677,2025,10.920482,960.7117,106.60131,4080,24,24,34
5777,2019,18,1173,268.60867,2016,24,24,23
5777,2020,16.63796,1185.261,373.5147,4536,24,24,448
5777,2021,17.314608,1177.6907,384.7758,8688,24,24,448
5777,2022,13.550701,1077.1255,407.1138,8760,24,24,419
5777,2023,0.83786154,1199.8708,389.495,8760,24,24,394
5777,2024,0.32624695,1196.8157,408.52295,8784,24,24,426
5777,2025,14.093624,1189.6718,266.737,4080,24,24,32
6177,2016,43,473,320.9938,49,49,49,362
6177,2019,32,1172,257.3549,4116,49,49,892
6177,2020,34.888515,1183.8057,349.2369,9261,49,49,892
6177,2021,2.0919342,1185.1631,259.27045,17738,49,49,892
6177,2022,3.316653,1196.32,269.0574,17885,49,49,892
6177,2023,2.9566994,1196.7987,283.76224,17885,49,49,48
6177,2024,0.332534,1198.8583,313.5243,17934,49,49,239
6177,2025,6,1195.304,261.87604,8330,49,49,33
6637,2016,45,668,299.70566,36,36,36,169
6637,2019,14,975,143.37955,3024,36,36,201
6637,2020,12.750405,529.7754,224.76952,6804,36,36,59
6637,2021,13.233668,510.27148,157.66818,13032,36,36,59
6637,2022,1.9858657,1181,178.0319,13140,36,36,59
6637,2023,0.19595782,1195.2825,191.67915,13140,36,36,100
6637,2024,0.21326165,1190.3074,223.08679,13176,36,36,100
6637,2025,0.35163933,1189,174.5041,6120,36,36,32
6737,2019,15,314,117.562004,2016,24,24,92
6737,2020,41.41576,312.88,172.98106,4536,24,24,171
6737,2021,14,1164.077,145.93661,8688,24,24,113
6737,2022,10.023708,1198.1785,174.02461,8760,24,24,472
6737,2023,8.009426,1194.9668,159.62343,8760,24,24,567
6737,2024,3.514572,1182.7128,139.05182,8784,24,24,25
6737,2025,3.2682512,1169,155.10146,4080,24,24,941
7550,2016,59,382,249.84027,24,24,24,245
7550,2019,8.593828,1195,167.90727,2016,24,24,120
7550,2020,0.26709062,1055.5541,165.96233,4536,24,24,50
7550,2021,1,1195.0564,186.15393,8688,24,24,50
7550,2022,0.7836207,1196.3784,215.8641,8760,24,24,113
7550,2023,7.356285,1194.024,218.69077,8760,24,24,25
7550,2024,1,1197.7601,163.8708,8784,24,24,25
7550,2025,1.0518395,1174.0142,164.94075,4080,24,24,31
7650,2019,22,1088,229.30772,2016,24,24,32
7650,2020,5.9960065,1187,188.01768,4536,24,24,17
7650,2021,1.96,1200,196.79181,8688,24,24,35
7650,2022,6.494186,1170.0314,190.83319,8760,24,24,349
7650,2023,12,1200,219.70552,8760,24,24,824
7650,2024,0.3896,1191,202.24246,8784,24,24,25
7650,2025,0.6797386,1180.1593,226.58894,4080,24,24,25
8450,2016,124,314,222.58333,24,24,24,240
8450,2019,9,895,97.4698,2016,24,24,100
8450,2020,16.812344,1118.731,94.324356,4536,24,24,79
8450,2021,9,1148,89.75597,8688,24,24,79
8450,2022,14.160331,1192,121.11628,8760,24,24,79
8450,2023,0.8927701,1198.518,141.47713,8760,24,24,84
8450,2024,15,1185.2253,145.7396,8784,24,24,74
8450,2025,2.372269,1018,142.38455,4080,24,24,578
8550,2019,33,1151,149.56642,1680,20,24,104
8550,2020,31.537176,131.58257,79.5375,4536,24,24,81
8550,2021,25.979641,880.87854,72.613976,8688,24,24,76
8550,2022,2.5525393,375,73.00528,8760,24,24,79
8550,2023,0.5651042,1197.1719,86.674805,8760,24,24,91
8550,2024,7.7841725,1173.3251,90.05869,8784,24,24,86
8550,2025,27.681574,284,74.47549,4080,24,24,85
9350,2016,29,171,120.75,16,16,16,29
9350,2020,26.984886,47.64627,38.09454,3024,16,16,39
9350,2021,0.77758765,1135.2567,57.61818,5792,16,16,35
9350,2022,10.561174,1094.8412,77.8808,5840,16,16,39
9350,2023,0.54885995,1171,100.066055,5840,16,16,42
9350,2024,2,1185.3032,88.365814,5856,16,16,39
9350,2025,12.865158,225,39.715927,2720,16,16,39
9450,2020,15.034846,53.68725,40.10112,3024,16,16,46
9450,2021,13.394846,64.46394,36.87964,5792,16,16,38
9450,2022,12.30338,59.769497,39.62205,5840,16,16,43
9450,2023,2.097561,1194.9816,48.90568,5840,16,16,47
9450,2024,9.881782,1192.7091,90.04431,5856,16,16,55
9450,2025,3.6923077,1160.1503,51.30101,2720,16,16,43
10400,2020,17.46379,1048.1029,60.009037,3024,16,16,44
10400,2021,8.339759,506,42.42912,5792,16,16,38
10400,2022,0.32389382,933.3066,77.48436,5840,16,16,41
10400,2023,0.37871957,1197.1772,122.699486,5840,16,16,42
10400,2024,1.659132,1196.013,165.30588,5856,16,16,43
10400,2025,0.43394575,1191.8088,197.63736,2720,16,16,722
10500,2020,35.09891,56.391903,44.6931,3024,16,16,44
10500,2021,3.943336,1186.5507,73.4451,5792,16,16,39
10500,2022,0.6823926,1175.7162,107.50781,5840,16,16,41
10500,2023,0.8507223,1198.9274,113.72361,5840,16,16,46
10500,2024,8.941016,1185,116.71448,5856,16,16,48
10500,2025,22.396997,92,41.814217,2720,16,16,42
11600,2016,39,207,133.54167,24,24,24,39
11600,2020,14.44186,1198.6755,72.65161,4536,24,24,40
11600,2021,15.017588,1200,68.75861,8688,24,24,37
11600,2022,4.618601,1174.8942,65.585594,8760,24,24,40
11600,2023,5.96394,1171.016,73.65421,8760,24,24,43
11600,2024,6.901305,1176.4027,101.9597,8784,24,24,43
11600,2025,9.111022,725,50.95859,4080,24,24,39
11700,2020,0.11651299,782.891,63.5747,4536,24,24,40
11700,2021,4.164898,1144.0507,93.327644,8688,24,24,38
11700,2022,0.5131796,1163.2404,86.71459,8760,24,24,42
11700,2023,7.4565396,1186.9396,96.34101,8760,24,24,45
11700,2024,0.23441397,1122.5466,53.20175,8784,24,24,44
11700,2025,0.13934426,1198.1694,84.97401,4080,24,24,41
13900,2020,11,1179,147.26366,6804,36,36,38
13900,2021,4.5499196,1186,183.72629,13032,36,36,38
13900,2022,0.059064806,1193.9769,229.9356,13140,36,36,43
13900,2023,2.132137,1198.6956,225.41454,13140,36,36,45
13900,2024,1.1742287,1193.9008,249.89996,13176,36,36,46
13900,2025,8.14687,1182,292.32666,6120,36,36,150
