TC_ID,Layer,Current Temp (Latest),Slope (deg/day),Baseline Temp 2014,Target Temp (115 Up),Intersection Date
8,4727,82.94,0.063002,-114.19,0.81,1/1/2019
9,4727,95.42,-0.176149,864.62,979.62,No Intersection (Stagnant/Cooling)
10,4727,95.15,0.181545,-450.78,-335.78,9/27/2015
11,4727,19.61,0.023407,-43.9,71.1,6/15/2027
12,4727,58.56,0.158266,-377.33,-262.33,12/29/2015
13,4727,207.5,0.164409,-385.36,-270.36,12/2/2015
14,4727,88.14,-0.146651,913.75,1028.75,No Intersection (Stagnant/Cooling)
15,4727,87.58,-0.323572,1333.56,1448.56,No Intersection (Stagnant/Cooling)
16,4727,63.1,-0.135851,612.99,727.99,No Intersection (Stagnant/Cooling)
17,4727,28.24,0.001001,83.03,198.03,Far Future (> 100 years)
18,4727,28.1,-0.000728,82.85,197.85,No Intersection (Stagnant/Cooling)
19,4727,28.58,0.006497,59.12,174.12,6/17/2062
20,4727,28.18,0.003869,44.79,159.79,5/21/2095
21,4727,28.95,-0.001727,95.34,210.34,No Intersection (Stagnant/Cooling)
22,4727,28.98,0.000786,83.31,198.31,Far Future (> 100 years)
23,4727,29.61,0.003536,69.13,184.13,1/13/2103
24,4727,28.48,0.002973,47.03,162.03,11/25/2119
25,4727,28.89,-0.001672,92.07,207.07,No Intersection (Stagnant/Cooling)
26,4727,31.67,-0.024858,161,276,No Intersection (Stagnant/Cooling)
27,4727,31.89,0.003583,66.5,181.5,11/17/2101
28,4727,11.23,0.005683,37.85,152.85,5/28/2069
29,4727,396,0.081416,-167.57,-52.57,11/14/2017
30,4727,95.28,0.182223,-462.97,-347.97,9/25/2015
31,4727,66.58,0.013325,14.43,129.43,8/18/2037
32,4727,66.48,0.050981,-111.86,3.14,3/6/2020
33,4727,89.88,0.011475,49.67,164.67,6/9/2041
34,4727,89.55,0.013964,41.09,156.09,7/19/2036
35,4727,91.09,0.013694,36.95,151.95,12/28/2036
36,4727,67.79,0.009347,29.85,144.85,9/8/2047
37,4727,88.41,0.018203,24.55,139.55,4/19/2031
38,4727,98.57,0.015868,42.15,157.15,11/4/2033
39,4727,82.27,0.012875,31.41,146.41,6/16/2038
40,4727,273,0.075632,-180.84,-65.84,3/2/2018
41,4727,267.4,0.023107,81.39,196.39,8/17/2027
42,4727,93.7,0.013659,43.73,158.73,1/19/2037
43,4727,33,0.011857,34.73,149.73,7/21/2040
44,4727,65,0.024904,-16.71,98.29,8/23/2026
45,4727,102.63,0.024265,18.66,133.66,12/23/2026
46,4727,103.36,0.025762,16.13,131.13,3/22/2026
47,4727,410,0.041362,-84.67,30.33,8/12/2021
48,4727,30.79,0.007489,31.72,146.72,1/17/2056
49,4727,95,0.11231,-73.37,41.63,10/21/2016
50,4727,185,0.082737,141.22,256.22,10/22/2017
51,4727,61.18,0.124132,-104.28,10.72,7/16/2016
52,4727,26,-2.696533,7240.27,7355.27,No Intersection (Stagnant/Cooling)
53,4727,824.68,-0.027784,147.83,262.83,No Intersection (Stagnant/Cooling)
54,4727,103,0.206579,-521.14,-406.14,7/12/2015
55,4727,25.5,-0.285372,1076.55,1191.55,No Intersection (Stagnant/Cooling)
56,4727,57.64,0.168392,-455.48,-340.48,11/15/2015
57,5177,951.54,0.225348,-552.6,-437.6,5/27/2015
58,5177,501.17,0.839566,-2184.18,-2069.18,5/18/2014
59,5177,209.1,0.059992,0.34,115.34,4/2/2019
60,5177,910.7,0.107268,-122.81,-7.81,12/9/2016
61,5177,191.25,-0.005957,344.09,459.09,No Intersection (Stagnant/Cooling)
62,5177,216.14,0.010586,136,251,9/29/2043
63,5177,221.46,0.046939,48.36,163.36,9/16/2020
64,5177,208.23,0.089993,-96,19,7/2/2017
65,5177,132.11,0.117468,-234.53,-119.53,9/6/2016
66,5177,199.84,-0.001773,190.97,305.97,No Intersection (Stagnant/Cooling)
67,5177,18.13,-0.010878,223.57,338.57,No Intersection (Stagnant/Cooling)
68,5177,26.93,0.032656,72.86,187.86,8/23/2023
69,5177,25.03,0.01327,62.1,177.1,9/22/2037
70,5177,35.72,0.022214,145.73,260.73,3/5/2028
71,5177,33.91,-0.010783,221.74,336.74,No Intersection (Stagnant/Cooling)
72,5177,30.59,-0.47499,2033.85,2148.85,No Intersection (Stagnant/Cooling)
73,5177,31.07,0.011967,68.43,183.43,4/23/2040
74,5177,18.52,-0.006061,207.21,322.21,No Intersection (Stagnant/Cooling)
75,5177,25.79,-0.012335,230,345,No Intersection (Stagnant/Cooling)
76,5177,27.7,0.003471,161.74,276.74,9/19/2104
77,5177,26.5,0.016548,46.32,161.32,1/10/2033
78,5177,207.87,-0.037744,296.55,411.55,No Intersection (Stagnant/Cooling)
79,5177,204.16,0.025105,112.47,227.47,7/17/2026
80,5177,220.47,0.045887,34.03,149.03,11/12/2020
81,5177,147.67,0.040606,-16.92,98.08,10/3/2021
82,5177,204.15,0.024899,110.12,225.12,8/24/2026
83,5177,200.11,0.029148,75.79,190.79,10/20/2024
84,5177,170.61,0.028566,44.24,159.24,1/8/2025
85,5177,127.65,0.018692,44.64,159.64,11/5/2030
86,5177,209.65,0.03869,64.14,179.14,2/20/2022
87,5177,205.14,0.037312,69.34,184.34,6/10/2022
88,5177,201.26,0.02945,71.97,186.97,9/9/2024
89,5177,144.27,0.019891,41.66,156.66,10/30/2029
90,5177,206.96,0.04005,55.9,170.9,11/11/2021
91,5177,208.07,0.030932,88.26,203.26,3/6/2024
92,5177,196.62,0.028193,69.01,184.01,3/3/2025
93,5177,126.59,0.019094,27.69,142.69,6/28/2030
94,5177,826,0.131079,-229.29,-114.29,5/28/2016
95,5177,938,0.137444,-353.42,-238.42,4/17/2016
96,5177,905,0.911117,-2199.37,-2084.37,5/8/2014
97,5177,24.4,0.079542,-109.57,5.43,12/17/2017
98,5177,220.01,0.280847,-441.83,-326.83,2/15/2015
99,5177,211.3,-0.373922,1594.7,1709.7,No Intersection (Stagnant/Cooling)
100,5177,212.78,0.30598,-542.74,-427.74,1/12/2015
101,5177,140.41,-1.032795,3460.15,3575.15,No Intersection (Stagnant/Cooling)
102,5177,542.15,0.33282,-837.48,-722.48,12/13/2014
103,5177,220.41,0.093025,-131.36,-16.36,5/22/2017
104,5177,210.98,0.274053,-575.18,-460.18,2/25/2015
105,5177,120.31,0.157366,-373.43,-258.43,1/2/2016
154,6177,138.31,-0.081458,469.4,584.4,No Intersection (Stagnant/Cooling)
155,6177,493.4,0.004058,406.74,521.74,8/3/2091
156,6177,431.5,-0.151431,816.74,931.74,No Intersection (Stagnant/Cooling)
157,6177,470.93,0.055975,204.31,319.31,8/18/2019
158,6177,317.68,0.057831,49.16,164.16,6/13/2019
159,6177,562.06,0.080689,172.06,287.06,11/27/2017
160,6177,588.03,0.100905,89.5,204.5,2/14/2017
161,6177,516.38,0.082914,142.5,257.5,10/19/2017
162,6177,462.27,0.057311,100.65,215.65,7/1/2019
163,6177,513.3,0.093156,136.69,251.69,5/20/2017
164,6177,497.53,0.115687,38.96,153.96,9/22/2016
165,6177,478.03,0.06,184.21,299.21,4/2/2019
166,6177,357.03,0.046846,40.45,155.45,9/21/2020
167,6177,153,-0.092247,496.41,611.41,No Intersection (Stagnant/Cooling)
168,6177,64,-0.131429,595.87,710.87,No Intersection (Stagnant/Cooling)
169,6177,385,0.02228,23.58,138.58,2/18/2028
170,6177,42,0.023837,-3.37,111.63,3/18/2027
171,6177,316.39,-0.081779,678.97,793.97,No Intersection (Stagnant/Cooling)
172,6177,307.63,-0.051206,545.48,660.48,No Intersection (Stagnant/Cooling)
173,6177,192.53,-0.066938,616.12,731.12,No Intersection (Stagnant/Cooling)
174,6177,395.98,0.120789,-78.2,36.8,8/11/2016
175,6177,329.63,-0.193914,869.75,984.75,No Intersection (Stagnant/Cooling)
176,6177,282.36,-0.040685,476.81,591.81,No Intersection (Stagnant/Cooling)
177,6177,328.29,0.01823,284.04,399.04,4/10/2031
178,6177,287.25,0.023851,93.32,208.32,3/15/2027
179,6177,161.9,-0.988175,3172.71,3287.71,No Intersection (Stagnant/Cooling)
180,6177,521.38,0.391724,-1026.07,-911.07,10/22/2014
181,6177,787.71,0.423713,-1136.53,-1021.53,9/30/2014
182,6177,319.75,-0.094406,568.78,683.78,No Intersection (Stagnant/Cooling)
183,6177,268.16,0.020907,96.73,211.73,1/22/2029
184,6177,30.29,0.009111,101,216,7/22/2048
185,6177,28.13,-0.022192,367.92,482.92,No Intersection (Stagnant/Cooling)
186,6177,27.26,0.049323,35.09,150.09,5/21/2020
187,6177,28.28,0.036145,37.16,152.16,9/17/2022
188,6177,28.72,0.02314,180.07,295.07,8/10/2027
189,6177,29.66,0.176228,-297.15,-182.15,10/16/2015
190,6177,28.93,0.026778,52.75,167.75,10/4/2025
191,6177,28.25,0.019357,208.28,323.28,4/8/2030
192,6177,28.07,0.057681,-12.1,102.9,6/18/2019
193,6177,28,0.042343,2.4,117.4,6/8/2021
194,6177,292.72,0.065506,46.55,161.55,10/23/2018
195,6177,300.55,0.116872,-165.94,-50.94,9/11/2016
196,6177,231.01,0.084341,-107.87,7.13,9/26/2017
197,6177,312.26,-0.976529,3593.83,3708.83,No Intersection (Stagnant/Cooling)
198,6177,218.4,0.033071,61.44,176.44,7/10/2023
199,6177,173.57,0.025114,54.62,169.62,7/16/2026
200,6177,426.19,-0.001307,269.05,384.05,No Intersection (Stagnant/Cooling)
201,6177,363.1,0.022215,126.66,241.66,3/4/2028
202,6177,279.57,0.018177,100.01,215.01,4/28/2031
